remove,reason
Paroo,win percentage
Possibilites,win percentage
shreyas3,win percentage
MMAViswanathan2741,win percentage
Scrabble_Enjoyer27,win percentage
Tingming,win percentage
rameez,win percentage
sassaba,win percentage
Munyama,win percentage
Juma,win percentage
Kabashibi,win percentage
Nursaidatul,win percentage
Elvygrace,win percentage
jivan21,win percentage
Shahjahan,win percentage
Sirjan1,win percentage
madhulekha,win percentage
BB-8,filthy casual
talulah,filthy casual
Trayz,filthy casual
stevy,filthy casual
ruby43,filthy casual
NurdiniDelisha,filthy casual
noahslat,filthy casual
Inandoutworker,filthy casual
Sopejohn,filthy casual
UcheVictor,filthy casual
proton2020,filthy casual
NishanyaGammanpila,filthy casual
ahmadthegreat,filthy casual
runnerguy,filthy casual
HAYDEN,filthy casual
CobaltBlue,filthy casual
saracen256,filthy casual
TT9000,filthy casual
AASM16,filthy casual
sstastic,filthy casual
MankDemes,filthy casual
ji1222,filthy casual
Venater,filthy casual
Pasindu,filthy casual
twjiayu,filthy casual
YLT,filthy casual
SirFink,filthy casual
afeicher,filthy casual
Avinesh,filthy casual
CornyG,filthy casual
dystopianist,filthy casual
Ibrahim28,filthy casual
Xcalibur,filthy casual
evatt,filthy casual
Khairul.A,filthy casual
meganlmz,filthy casual
ariel2008,filthy casual
Meiira4c,filthy casual
Y4NSH3Ng,filthy casual
DonkeyYote,filthy casual
Kev,filthy casual
Rlowengrub,filthy casual
HashamHadi,filthy casual
Brianm,filthy casual
Muendo,filthy casual
Wildgarlic,filthy casual
ooo999999,filthy casual
iamnotbill,filthy casual
matterhorn,filthy casual
Puttapong,filthy casual
Dutch,filthy casual
Zepthyeo,filthy casual
220674_ZAVEPHUA,filthy casual
